INSERT INTO Users VALUES
(
    0001,
    'Leonardo',
    'TMNT001'
);

INSERT INTO Users VALUES
(
    0002,
    'Raphael',
    'TMNT002'
);

INSERT INTO Users VALUES
(
    0003,
    'Michaelangelo',
    'TMNT003'
);

INSERT INTO Users VALUES
(
    0004,
    'Donatello',
    'TMNT005'
);

INSERT INTO Users VALUES
(
    0010,
    'Master Splinter',
    'HAXORADMINDONTMESS'
);

INSERT INTO PrivilegedUser VALUES
(
    1,
    0010
);

INSERT INTO PizzaPlace VALUES
(
    'BID001'
);

INSERT INTO PizzaPlace VALUES
(
    2
);

INSERT INTO PizzaPlace VALUES
(
    3
);

INSERT INTO PizzaPlace VALUES
(
    4
);

INSERT INTO PizzaPlace VALUES
(
    5
);

INSERT INTO Branch_IsIn VALUES
(
    '123 Some Street, Some Place',
    1
);

INSERT INTO Branch_IsIn VALUES
(
    '234 Some Street, Some Place',
    2
);

INSERT INTO Branch_IsIn VALUES
(
    '345 Some Street, Some Place',
    3
);

INSERT INTO Branch_IsIn VALUES
(
    '456 Some Street, Some Place',
    4
);

INSERT INTO Branch_IsIn VALUES
(
    '567 Some Street, Some Place',
    5
);

INSERT INTO Branch_IsIn VALUES
(
    '678 Some Street, Some Place',
    6
);

INSERT INTO Branch_IsIn VALUES
(
    '789 Some Street, Some Place',
    7
);

INSERT INTO Branch_IsIn VALUES
(
    '890 Some Street, Some Place',
    8
);

INSERT INTO Branch_IsIn VALUES
(
    '901 Some Street, Some Place',
    9
);

INSERT INTO Branch_IsIn VALUES
(
    '012 Some Street, Some Place',
    10
);

INSERT INTO PizzaOrder VALUES
(
    1,
    'deliveryMethod1',
    1,
    2,
    '234 Some Street, Some Place'
);

INSERT INTO PizzaOrder VALUES
(
    2,
    'deliveryMethod2',
    2,
    4,
    '456 Some Street, Some Place'
);

INSERT INTO PizzaOrder VALUES
(
    3,
    'deliveryMethod3',
    3,
    6,
    '678 Some Street, Some Place'
);

INSERT INTO PizzaOrder VALUES
(
    4,
    'deliveryMethod4',
    4,
    8,
    '890 Some Street, Some Place'
);

INSERT INTO PizzaOrder VALUES
(
    5,
    'deliveryMethod5',
    5,
    10,
    '012 Some Street, Some Place'
);

INSERT INTO Pizza VALUES
(
    'pizzaType1',
    1.1,
    1
);

INSERT INTO Pizza VALUES
(
    'pizzaType2',
    2.2,
    2
);

INSERT INTO Pizza VALUES
(
    'pizzaType3',
    3.3,
    3
);

INSERT INTO Pizza VALUES
(
    'pizzaType4',
    4.4,
    4
);

INSERT INTO Pizza VALUES
(
    'pizzaType5',
    5.5,
    5
);

INSERT INTO PizzaPlaceBranchIsIn VALUES
(
    1,
    '123 Some Street, Some Place'
);

INSERT INTO PizzaPlaceBranchIsIn VALUES
(
    2,
    '234 Some Street, Some Place'
);

INSERT INTO PizzaPlaceBranchIsIn VALUES
(
    3,
    '345 Some Street, Some Place'
);

INSERT INTO PizzaPlaceBranchIsIn VALUES
(
    4,
    '456 Some Street, Some Place'
);

INSERT INTO PizzaPlaceBranchIsIn VALUES
(
    5,
    '567 Some Street, Some Place'
);

